url,name,sector,govt,discipline,province,city
https://www.hec.gov.pk/english/universities/Pages/KPK/Abasyn-University.aspx,Abasyn University,Private,Government of Khyber Pakhtunkhwa,General,Khyber Pakhtunkhwa,Peshawar,
https://www.hec.gov.pk/english/universities/Pages/KPK/Abbottabad-University-of-Science-and-Technology-(AUST)-.aspx,Abbottabad University of Science and Technology (AUST),Public,Government of Khyber Pakhtunkhwa,General,Khyber Pakhtunkhwa,Abbottabad,
https://www.hec.gov.pk/english/universities/Pages/KPK/Abdul-Wali-Khan-University.aspx,Abdul Wali Khan University,Public,Government of Khyber Pakhtunkhwa,General,Khyber Pakhtunkhwa,Mardan,
https://www.hec.gov.pk/english/universities/Pages/Sindh/Aga-Khan-University.aspx,Aga Khan University,Private,Government of Pakistan,General,Sindh,Karachi,
https://www.hec.gov.pk/english/universities/Pages/Islamabad/Air-University.aspx,Air University,Public,Government of Pakistan,General,Islamabad Capital Territory,Islamabad,
https://www.hec.gov.pk/english/universities/Pages/Baloachistan/Al-Hamd-Islamic-University.aspx,Al-Hamd Islamic University,Private,Government of Balochistan,General,Balochistan,Quetta,
https://www.hec.gov.pk/english/universities/Pages/AJK/Al-Khair-University.aspx,AlKhair University (Admission has been banned at all levels Bachelors & Masters w.e.f Fall 2016 & MS/MPhil/PhD w.e.f Fall 2014),Private,Government of AJK,General,Azad Jammu & Kashmir,Bhimber,
https://www.hec.gov.pk/english/universities/Pages/Punjab/Ali-Institute-of-Education.aspx,Ali Institute of Education,Private,Government of Punjab,General,Punjab,Lahore,
https://www.hec.gov.pk/english/universities/Pages/Islamabad/Allama Iqbal Open University.aspx,Allama Iqbal Open University,Public,Government of Pakistan,General,Islamabad Capital Territory,Islamabad,
https://www.hec.gov.pk/english/universities/Pages/KPK/Bacha-Khan-University.aspx,Bacha Khan University,Public,Government of Khyber Pakhtunkhwa,General,Khyber Pakhtunkhwa,Charsada,
https://www.hec.gov.pk/english/universities/Pages/Punjab/Bahauddin-Zakariya-University.aspx,Bahauddin Zakariya University,Public,Government of Punjab,General,Punjab,Multan,
https://www.hec.gov.pk/english/universities/Pages/Islamabad/Bahria-University.aspx,Bahria University,Public,Government of Pakistan,General,Islamabad Capital Territory,Islamabad,
https://www.hec.gov.pk/english/universities/Pages/Baloachistan/Balochistan-University-of-Engineering--Technology.aspx,Balochistan University of Engineering & Technology,Public,Government of Balochistan,General,Balochistan,Khuzdar,
https://www.hec.gov.pk/english/universities/Pages/Baloachistan/Balochistan-University-of-Information-Technology--Management-Sciences.aspx,Balochistan University of Information Technology  Engineering & Management Sciences (BUITEMS),Public,Government of Balochistan,Engineering & Technology,Balochistan,Quetta,
https://www.hec.gov.pk/english/universities/Pages/Sindh/Baqai-Medical-University.aspx,Baqai Medical University,Private,Government of Sindh,General,Sindh,Karachi,
https://www.hec.gov.pk/english/universities/Pages/Sindh/Barrett Hodgson University.aspx,Barret Hodgson University,Private,Government of Sindh,General,Sindh,Karachi,
https://www.hec.gov.pk/english/universities/Pages/Punjab/Beaconhouse-National-University.aspx,Beaconhouse National University,Private,Government of Punjab,General,Punjab,Lahore,
https://www.hec.gov.pk/english/universities/Pages/Sindh/Begum Nustrat Bhutto Women University Sukkur.aspx,Begum Nustrat Bhutto Women University  Sukkur,Public,Government of Sindh,General,Sindh,Sukkur,
https://www.hec.gov.pk/english/universities/Pages/Sindh/Benazir-Bhutto-Shaheed-University-Lyari.aspx,Benazir Bhutto Shaheed University Lyari,Public,Government of Sindh,General,Sindh,Karachi,
https://www.hec.gov.pk/english/universities/Pages/Sindh/Benazir-Bhutto-Shaheed-University-of-Technology--Skill-Development%2C-Khairpur-Mirs.aspx,Benazir Bhutto Shaheed University of Technology & Skill Development  Khairpur Mirs,Public,Government of Sindh,Engineering & Technology,Sindh,Khairpur,
https://www.hec.gov.pk/english/universities/Pages/KPK/CECOS-University-of-Information-Technology-and-Emerging-Sciences.aspx,CECOS University of Information Technology & Emerging Sciences,Private,Government of Khyber Pakhtunkhwa,General,Khyber Pakhtunkhwa,Peshawar,
https://www.hec.gov.pk/english/universities/Pages/Islamabad/COMSATS.aspx,COMSATS Institute of Information Technology,Public,Government of Pakistan,General,Islamabad Capital Territory,Islamabad,
https://www.hec.gov.pk/english/universities/Pages/Islamabad/Capital-University-of-Science-and-Technology.aspx,Capital University of Science & Technology,Private,Government of Pakistan,General,Islamabad Capital Territory,Islamabad,
https://www.hec.gov.pk/english/universities/Pages/Punjab/Cholistan-University-of-Veterinary-and-Animal-Sciences%2C-Bahawalpur.aspx,Cholistan University of Veterinary and Animal Sciences  Bahawalpur,Public,Government of Punjab,Agriculture & Veterinary,Punjab,Bahawal Pur,
https://www.hec.gov.pk/english/universities/Pages/KPK/City-University-of-Science-and-Information-Technology.aspx,City University of Science and Information Technology,Private,Government of Khyber Pakhtunkhwa,General,Khyber Pakhtunkhwa,Peshawar,
https://www.hec.gov.pk/english/universities/Pages/Sindh/Commecs-Institute-of-Business--Emerging-Sciences.aspx,Commecs Institute of Business & Emerging Sciences,Private,Government of Sindh,General,Sindh,Karachi,
https://www.hec.gov.pk/english/universities/Pages/Sindh/DHA-Suffa-University.aspx,DHA Suffa University,Private,Government of Sindh,General,Sindh,Karachi,
https://www.hec.gov.pk/english/universities/Pages/Sindh/DOW-University-of-Health-Sciences.aspx,DOW University of Health Sciences,Public,Government of Sindh,General,Sindh,Karachi,
https://www.hec.gov.pk/english/universities/Pages/Sindh/Dadabhoy-Institute-of-Higher-Education.aspx,Dadabhoy Institute of Higher Education (Admissions allowed only at SNPA-17/B  Block 3  P.E.C.H. Society Shaheed-e-Millat Road  Karachi),Private,Government of Sindh,General,Sindh,Karachi,
https://www.hec.gov.pk/english/universities/Pages/Sindh/Dawood-University-of-Engineering--Technology.aspx,Dawood University of Engineering & Technology,Public,Government of Sindh,Engineering & Technology,Sindh,Karachi,
https://www.hec.gov.pk/english/universities/Pages/Sindh/Eman-Institute-of-Management-and-Sciences-Karachi.aspx,Emaan Institute of Management & Sciences  Karachi,Private,Government of Sindh,General,Sindh,Karachi,
https://www.hec.gov.pk/english/universities/Pages/Punjab/Faisalabad-Medical-Unviersity%2C-Faisalabad.aspx,Faisalabad Medical University  Faisalabad,Public,Government of Punjab,Medical,Punjab,Faisalabad,
https://www.hec.gov.pk/english/universities/Pages/Punjab/Fatima-Jinnah-medical-University%2C-Lahore.aspx,Fatima Jinnah Medical University  Lahore,Public,Government of Punjab,Medical,Punjab,Lahore,
https://www.hec.gov.pk/english/universities/Pages/Punjab/Fatima-Jinnah-Women-University.aspx,Fatima Jinnah Women University,Public,Government of Punjab,General,Punjab,Rawalpindi,
https://www.hec.gov.pk/english/universities/Pages/Islamabad/Federal-Urdu-University.aspx,Federal Urdu University of Arts  Sciences & Technology,Public,Government of Pakistan,General,Islamabad Capital Territory,Islamabad,
https://www.hec.gov.pk/english/universities/Pages/Punjab/Forman-Christian-College.aspx,Forman Christian College,Private,Government of Punjab,General,Punjab,Lahore,
https://www.hec.gov.pk/english/universities/Pages/Islamabad/Foundation-University.aspx,Foundation University  Islamabad,Private,Government of Pakistan,General,Islamabad Capital Territory,Islamabad,
https://www.hec.gov.pk/english/universities/Pages/Punjab/GIFT-University.aspx,GIFT University,Private,Government of Punjab,General,Punjab,Gujranwala,
https://www.hec.gov.pk/english/universities/Pages/Sindh/Gambat-Institute-of-Medical-Sciences.aspx,Gambat Institute of Medical Sciences,Public,Government of Sindh,General,Sindh,Khairpur,
https://www.hec.gov.pk/english/universities/Pages/KPK/Gandhara-University.aspx,Gandhara University,Private,Government of Khyber Pakhtunkhwa,General,Khyber Pakhtunkhwa,Peshawar,
https://www.hec.gov.pk/english/universities/Pages/Punjab/Ghazi-University.aspx,Ghazi University,Public,Government of Punjab,General,Punjab,Dera Ghazi Khan,
https://www.hec.gov.pk/english/universities/Pages/KPK/Ghulam-Ishaq-Khan-Institute-of-Engineering-Sciences--Technology.aspx,Ghulam Ishaq Khan Institute of Engineering Sciences & Technology,Private,Government of Khyber Pakhtunkhwa,General,Khyber Pakhtunkhwa,Swabi,
https://www.hec.gov.pk/english/universities/Pages/Punjab/Global-Institute.aspx,Global Institute  Lahore [HEC-NOC SUSPENDED] (Admissions have been Stopped by HEC from 2016),Private,Government of Punjab,General,Punjab,Lahore,
https://www.hec.gov.pk/english/universities/Pages/KPK/Gomal-University.aspx,Gomal University,Public,Government of Khyber Pakhtunkhwa,General,Khyber Pakhtunkhwa,Dera Ismail Khan,
https://www.hec.gov.pk/english/universities/Pages/Punjab/Government-College-University.aspx,Government College University,Public,Government of Punjab,General,Punjab,Faisalabad,
https://www.hec.gov.pk/english/universities/Pages/Sindh/Government-College-University%2C-Hyderabad.aspx,Government College University  Hyderabad,Public,Government of Sindh,General,Sindh,Hyderabad,
https://www.hec.gov.pk/english/universities/Pages/Punjab/Government-College-University%2C-Lahore.aspx,Government College University  Lahore,Public,Government of Punjab,General,Punjab,Lahore,
https://www.hec.gov.pk/english/universities/Pages/Punjab/Government-College-for-Women-University.aspx,Government College for Women University,Public,Government of Punjab,General,Punjab,Faisalabad,
https://www.hec.gov.pk/english/universities/Pages/Punjab/Government-College-for-Women-University%2C-Sialkot.aspx,Government College for Women University  Sialkot,Public,Government of Punjab,General,Punjab,Sialkot,
https://www.hec.gov.pk/english/universities/Pages/Punjab/Government-Sadiq-College-Women-University.aspx,Government Sadiq College Women University,Public,Government of Punjab,General,Punjab,Bahawal Pur,
https://www.hec.gov.pk/english/universities/Pages/Sindh/Greenwich-University.aspx,Greenwich University,Private,Government of Sindh,General,Sindh,Karachi,
https://www.hec.gov.pk/english/universities/Pages/Punjab/HITEC-University.aspx,HITEC University,Private,Government of Punjab,General,Punjab,Rawalpindi,
https://www.hec.gov.pk/english/universities/Pages/Sindh/Habib-University.aspx,Habib University,Private,Government of Sindh,General,Sindh,Karachi,
https://www.hec.gov.pk/english/universities/Pages/Punjab/Hajvery-University.aspx,Hajvery University  Lahore,Private,Government of Punjab,General,Punjab,Lahore,
https://www.hec.gov.pk/english/universities/Pages/Sindh/Hamdard-University.aspx,Hamdard University,Private,Government of Sindh,General,Sindh,Karachi,
https://www.hec.gov.pk/english/universities/Pages/KPK/Hazara-University.aspx,Hazara University,Public,Government of Khyber Pakhtunkhwa,General,Khyber Pakhtunkhwa,Mansehra,
https://www.hec.gov.pk/english/universities/Pages/Islamabad/Health-Services-Academy.aspx,Health Services Academy (HSA)  Islamabad,Public,Government of Pakistan,Medical,Islamabad Capital Territory,Islamabad,
https://www.hec.gov.pk/english/universities/Pages/Sindh/ILMA.aspx,ILMA University,Private,Government of Sindh,General,Sindh,Karachi,
https://www.hec.gov.pk/english/universities/Pages/Punjab/Imperial-College-of-Business-Studies.aspx,Imperial College of Business Studies,Private,Government of Punjab,General,Punjab,Lahore,
https://www.hec.gov.pk/english/universities/Pages/Sindh/Indus-Valley-School-of-Art-and-Architecture.aspx,Indus Valley School of Art & Architecture,Private,Government of Sindh,General,Sindh,Karachi,
https://www.hec.gov.pk/english/universities/Pages/Sindh/Indus University.aspx,Indus University,Private,Government of Sindh,General,Sindh,Karachi,
https://www.hec.gov.pk/english/universities/Pages/Punjab/Information-Technology-University-of-the-Punjab.aspx,Information Technology University of the Punjab,Public,Government of Punjab,General,Punjab,Lahore,
https://www.hec.gov.pk/english/universities/Pages/Punjab/Institute-for-Art-and-Culture.aspx,Institute for Art and Culture,Private,Government of Pakistan,Arts & Design,Punjab,Lahore,
https://www.hec.gov.pk/english/universities/Pages/Sindh/Institute-of-Business-Administration.aspx,Institute of Business Administration,Public,Government of Sindh,General,Sindh,Karachi,
https://www.hec.gov.pk/english/universities/Pages/Sindh/Institute-of-Business-Management.aspx,Institute of Business Management,Private,Government of Sindh,General,Sindh,Karachi,
https://www.hec.gov.pk/english/universities/Pages/KPK/Institute-of-Management-Science.aspx,Institute of Management Sciences,Public,Government of Khyber Pakhtunkhwa,General,Khyber Pakhtunkhwa,Peshawar,
https://www.hec.gov.pk/english/universities/Pages/Punjab/Institute-of-Management-Science.aspx,Institute of Management Sciences,Private,Government of Punjab,General,Punjab,Lahore,
https://www.hec.gov.pk/english/universities/Pages/Punjab/Institute-of-Southern-Punjab.aspx,Institute of Southern Punjab,Private,Government of Punjab,General,Punjab,Multan,
https://www.hec.gov.pk/english/universities/Pages/Islamabad/Institute-of-Space-Technology.aspx,Institute of Space Technology,Public,Government of Pakistan,General,Islamabad Capital Territory,Islamabad,
https://www.hec.gov.pk/english/universities/Pages/Islamabad/International-Islamic-University.aspx,International Islamic University,Public,Government of Pakistan,General,Islamabad Capital Territory,Islamabad,
https://www.hec.gov.pk/english/universities/Pages/KPK/Iqra-National-University.aspx,Iqra National University,Private,Government of Khyber Pakhtunkhwa,General,Khyber Pakhtunkhwa,Peshawar,
https://www.hec.gov.pk/english/universities/Pages/Sindh/Iqra-University.aspx,Iqra University,Private,Government of Sindh,General,Sindh,Karachi,
https://www.hec.gov.pk/english/universities/Pages/Punjab/Islamia-University.aspx,Islamia University,Public,Government of Punjab,General,Punjab,Bahawal Pur,
https://www.hec.gov.pk/english/universities/Pages/Sindh/Isra-University.aspx,Isra University,Private,Government of Sindh,General,Sindh,Hyderabad,
https://www.hec.gov.pk/english/universities/Pages/Sindh/Jinnah-Sindh-Medical-University.aspx,Jinnah Sindh Medical University,Public,Government of Sindh,General,Sindh,Karachi,
https://www.hec.gov.pk/english/universities/Pages/Sindh/Jinnah-University-for-Women.aspx,Jinnah University for Women,Private,Government of Sindh,General,Sindh,Karachi,
https://www.hec.gov.pk/english/universities/Pages/Sindh/KASB-Institute-of-Technology.aspx,KASB Institute of Technology,Private,Government of Sindh,General,Sindh,Karachi,
https://www.hec.gov.pk/english/universities/Pages/Sindh/Karachi-Institute-of-Economics--Technology.aspx,Karachi Institute of Economics & Technology,Private,Government of Sindh,General,Sindh,Karachi,
https://www.hec.gov.pk/english/universities/Pages/Sindh/Karachi-Institute-of-Technology-and-Entrepreneurship.aspx,Karachi Institute of Technology and Entrepreneurship (KITE)  Karachi,Private,Government of Sindh,General,Sindh,Karachi,
https://www.hec.gov.pk/english/universities/Pages/Sindh/Karachi-School-for-Business--Leadership.aspx,Karachi School for Business & Leadership,Private,Government of Sindh,General,Sindh,Karachi,
https://www.hec.gov.pk/english/universities/Pages/Gilgit Baltistan/Karakurum-International-University.aspx,Karakurum International University,Public,Government of Pakistan,General,Gilgit Baltistan,Gilgit,
https://www.hec.gov.pk/english/universities/Pages/Punjab/Khawaja-Freed-University-of-Engineering--Information-Technology.aspx,Khawaja Freed University of Engineering & Information Technology,Public,Government of Punjab,General,Punjab,Rahim Yar Khan,
https://www.hec.gov.pk/english/universities/Pages/KPK/Khushal-Khan-Khattak-University.aspx,Khushal Khan Khattak University,Public,Government of Khyber Pakhtunkhwa,General,Khyber Pakhtunkhwa,Karak,
https://www.hec.gov.pk/english/universities/Pages/KPK/Khyber-Medical-University.aspx,Khyber Medical University,Public,Government of Khyber Pakhtunkhwa,General,Khyber Pakhtunkhwa,Peshawar,
https://www.hec.gov.pk/english/universities/Pages/Punjab/King-Edward-Medical-University.aspx,King Edward Medical University,Public,Government of Punjab,General,Punjab,Lahore,
https://www.hec.gov.pk/english/universities/Pages/Punjab/Kinnaird-College-for-Women.aspx,Kinnaird College for Women,Public,Government of Punjab,General,Punjab,Lahore,
https://www.hec.gov.pk/english/universities/Pages/KPK/Kohat-University-of-Science-and-Technology.aspx,Kohat University of Science and Technology,Public,Government of Khyber Pakhtunkhwa,General,Khyber Pakhtunkhwa,Kohat,
https://www.hec.gov.pk/english/universities/Pages/Punjab/Kohsar-University%2C-Murree.aspx,Kohsar University  Murree,Public,Government of Punjab,General,Punjab,Rawalpindi,
https://www.hec.gov.pk/english/universities/Pages/Punjab/Lahore-College-for-Women-University.aspx,Lahore College for Women University,Public,Government of Punjab,General,Punjab,Lahore,
https://www.hec.gov.pk/english/universities/Pages/Punjab/Lahore-Garrison-University.aspx,Lahore Garrison University,Private,Government of Punjab,General,Punjab,Lahore,
https://www.hec.gov.pk/english/universities/Pages/Punjab/Lahore-Leads-University.aspx,Lahore Leads University,Private,Government of Punjab,General,Punjab,Lahore,
https://www.hec.gov.pk/english/universities/Pages/Punjab/Lahore-School-of-Economics.aspx,Lahore School of Economics,Private,Government of Punjab,General,Punjab,Lahore,
https://www.hec.gov.pk/english/universities/Pages/Punjab/Lahore-University-of-Management-Sciences.aspx,Lahore University of Management Sciences,Private,Government of Pakistan,General,Punjab,Lahore,
https://www.hec.gov.pk/english/universities/Pages/Baloachistan/Lasbela-University-of-Agriculture%2C-Water-and-Marine-Sciences.aspx,Lasbela University of Agriculture  Water & Marine Sciences,Public,Government of Balochistan,General,Balochistan,Lasbella,
https://www.hec.gov.pk/english/universities/Pages/Sindh/Liaquat-University-of-Medical-and-Health-Sciences.aspx,Liaquat University of Medical & Health Sciences,Public,Government of Sindh,General,Sindh,Jam Shoro,
https://www.hec.gov.pk/english/universities/Pages/Sindh/Mehran-University-of-Engineering--Technology.aspx,Mehran University of Engineering & Technology,Public,Government of Sindh,General,Sindh,Jam Shoro,
https://www.hec.gov.pk/english/universities/Pages/Punjab/Minhaj-University.aspx,Minhaj University,Private,Government of Punjab,General,Punjab,Lahore,
https://www.hec.gov.pk/english/universities/Pages/Baloachistan/Mir-Chakar-Khan-Rind-University%2C-Sibi--Balochistan.aspx,Mir Chakar Khan Rind University  Sibi Balochistan,Public,Government of Balochistan,General,Balochistan,Sibi,
https://www.hec.gov.pk/english/universities/Pages/AJK/Mirpur-University-of-Science-and-Technology.aspx,Mirpur University of Science & Technology,Public,Government of AJK,General,Azad Jammu & Kashmir,Mirpur,
https://www.hec.gov.pk/english/universities/Pages/Sindh/Mohammad-Ali-Jinnah-University.aspx,Mohammad Ali Jinnah University,Private,Government of Sindh,General,Sindh,Karachi,
https://www.hec.gov.pk/english/universities/Pages/AJK/Mohi-ud-Din-Islamic-University.aspx,Mohi-ud-Din Islamic University,Private,Government of AJK,General,Azad Jammu & Kashmir,Nerian Sharif,
https://www.hec.gov.pk/english/universities/Pages/Punjab/Muhammad-Nawaz-Shareef-University-of-Agriculture.aspx,Muhammad Nawaz Shareef University of Agriculture,Public,Government of Punjab,General,Punjab,Multan,
https://www.hec.gov.pk/english/universities/Pages/Punjab/Muhammad-Nawaz-Sharif-University-of -Engineering--Technology.aspx,Muhammad Nawaz Sharif University of  Engineering & Technology,Public,Government of Punjab,General,Punjab,Multan,
https://www.hec.gov.pk/english/universities/Pages/Islamabad/MY-University.aspx,Muslim Youth University,Private,Government of Pakistan,General,Islamabad Capital Territory,Islamabad,
https://www.hec.gov.pk/english/universities/Pages/Sindh/NED-University-of-Engineering--Technology.aspx,NED University of Engineering & Technology,Public,Government of Sindh,General,Sindh,Karachi,
https://www.hec.gov.pk/english/universities/Pages/Punjab/NFC-Institute-of-Engineering--Technology.aspx,NFC Institute of Engineering & Technology,Public,Government of Pakistan,General,Punjab,Multan,
https://www.hec.gov.pk/english/universities/Pages/Punjab/Namal Institute Manwali.aspx,Namal Institute  Mainwali,Private,Government of Punjab,Engineering & Technology,Punjab,Mianwali,
https://www.hec.gov.pk/english/universities/Pages/Punjab/National-College-of-Arts.aspx,National College of Arts,Public,Government of Pakistan,General,Punjab,Lahore,
https://www.hec.gov.pk/english/universities/Pages/Punjab/National-College-of-Business-Administration--Economics.aspx,National College of Business Administration & Economics,Private,Government of Punjab,General,Punjab,Lahore,
https://www.hec.gov.pk/english/universities/Pages/Islamabad/National-Defense-University.aspx,National Defense University,Public,Government of Pakistan,General,Islamabad Capital Territory,Islamabad,
https://www.hec.gov.pk/english/universities/Pages/Punjab/National-Textile-University.aspx,National Textile University,Public,Government of Pakistan,General,Punjab,Faisalabad,
https://www.hec.gov.pk/english/universities/Pages/Islamabad/National-University-of-Computer-and-Emerging-Sciences.aspx,National University of Computer & Emerging Sciences,Private,Government of Pakistan,General,Islamabad Capital Territory,Islamabad,
https://www.hec.gov.pk/english/universities/Pages/Islamabad/National-University-of-Medical-Sciences.aspx,National University of Medical Sciences,Public,Government of Pakistan,Medical,Punjab,Rawalpindi,
https://www.hec.gov.pk/english/universities/Pages/Islamabad/National-University-of-Modern-Languages.aspx,National University of Modern Languages,Public,Government of Pakistan,General,Islamabad Capital Territory,Islamabad,
https://www.hec.gov.pk/english/universities/Pages/Islamabad/National-University-of-Sciences--Technology.aspx,National University of Sciences & Technology,Public,Government of Pakistan,General,Islamabad Capital Territory,Islamabad,
https://www.hec.gov.pk/english/universities/Pages/Islamabad/NUTECH.aspx,National University of Technology (NUTECH)  Islamabad,Public,Government of Pakistan,Engineering & Technology,Islamabad Capital Territory,Islamabad,
https://www.hec.gov.pk/english/universities/Pages/Sindh/The-Nazeer-Hussain-University.aspx,Nazeer Hussain University,Private,Government of Sindh,General,Sindh,Karachi,
https://www.hec.gov.pk/english/universities/Pages/Sindh/Newport-Institute-of-Communications--Economics.aspx,Newport Institute of Communications & Economics,Private,Government of Sindh,General,Sindh,Karachi,
https://www.hec.gov.pk/english/universities/Pages/Punjab/Nishtar-Medical-University%2C-Multan.aspx,Nishtar Medical University Multan,Public,Government of Punjab,Medical,Punjab,Multan,
https://www.hec.gov.pk/english/universities/Pages/KPK/Northern-University.aspx,Northern University,Private,Government of Khyber Pakhtunkhwa,General,Khyber Pakhtunkhwa,Nowshehra,
https://www.hec.gov.pk/english/universities/Pages/Punjab/Nur-International-University.aspx,Nur International University,Private,Government of Punjab,General,Punjab,Lahore,
https://www.hec.gov.pk/english/universities/Pages/KPK/PAF-IAST.aspx,Pak-Austria Fachhochschule Institute of Applied Sciences and Technology  Haripur,Public,Government of Khyber Pakhtunkhwa,General,Khyber Pakhtunkhwa,Haripur,
https://www.hec.gov.pk/english/universities/Pages/Islamabad/Pakistan Institute of Development Economics.aspx,Pakistan Institute of Development Economics (PIDE),Public,Government of Pakistan,General,Islamabad Capital Territory,Islamabad,
https://www.hec.gov.pk/english/universities/Pages/Islamabad/Pakistan Institute of Engineering And Applied Sciences.aspx,Pakistan Institute of Engineering & Applied Sciences,Public,Government of Pakistan,General,Islamabad Capital Territory,Islamabad,
https://www.hec.gov.pk/english/universities/Pages/Punjab/Pakistan-Institute-of-Fashion-and-Design.aspx,Pakistan Institute of Fashion & Design,Public,Government of Pakistan,General,Punjab,Lahore,
https://www.hec.gov.pk/english/universities/Pages/KPK/Pakistan-Military-Academy.aspx,Pakistan Military Academy,Public,Government of Pakistan,General,Khyber Pakhtunkhwa,Abbottabad,
https://www.hec.gov.pk/english/universities/Pages/Sindh/Pakistan-Naval-Academy.aspx,Pakistan Naval Academy,Public,Government of Pakistan,General,Sindh,Karachi,
https://www.hec.gov.pk/english/universities/Pages/Sindh/Peoples-University-of-Medical-and-Health-Sciences-for-Women.aspx,Peoples University of Medical & Health Sciences for Women,Public,Government of Sindh,General,Sindh,Nawabshah,
https://www.hec.gov.pk/english/universities/Pages/Punjab/Pir-Mehr-Ali-Shah-Arid-Agriculture-University.aspx,Pir Mehr Ali Shah Arid Agriculture University,Public,Government of Punjab,General,Punjab,Rawalpindi,
https://www.hec.gov.pk/english/universities/Pages/Sindh/Preston-Institute-of-Management%2C-Science-and-Technology.aspx,Preston Institute of Management  Science & Technology (Banned for admissions w.e.f 10-06-2017),Private,Government of Sindh,General,Sindh,Karachi,
https://www.hec.gov.pk/english/universities/Pages/KPK/Preston University Kohat.aspx,Preston University,Private,Government of Khyber Pakhtunkhwa,General,Khyber Pakhtunkhwa,Kohat,
https://www.hec.gov.pk/english/universities/Pages/Sindh/Preston-University%2C Karachi.aspx,Preston University  Karachi,Private,Government of Sindh,General,Sindh,Karachi,
https://www.hec.gov.pk/english/universities/Pages/Punjab/Punjab-Tianjin-Universityf-of-Technology-(PTUT)%2C-Lahore.aspx,Punjab Tianjin University of Technology  Lahore,Public,Government of Punjab,Engineering & Technology,Punjab,Lahore,
https://www.hec.gov.pk/english/universities/Pages/Punjab/Qarshi-University.aspx,Qarshi University,Private,Government of Punjab,General,Punjab,Lahore,
https://www.hec.gov.pk/english/universities/Pages/Sindh/Quaid-e-Awam-University-of-Engineering%2C-Sciences--Technology.aspx,Quaid-e-Awam University of Engineering  Sciences & Technology,Public,Government of Sindh,General,Sindh,Nawabshah,
https://www.hec.gov.pk/english/universities/Pages/Islamabad/Quaid-i-Azam-University.aspx,Quaid-i-Azam University,Public,Government of Pakistan,General,Islamabad Capital Territory,Islamabad,
https://www.hec.gov.pk/english/universities/Pages/KPK/Qurtaba-University-of-Science-and-Information-Technology.aspx,Qurtaba University of Science & Information Technology,Private,Government of Khyber Pakhtunkhwa,General,Khyber Pakhtunkhwa,Dera Ismail Khan,
https://www.hec.gov.pk/english/universities/Pages/Punjab/Rawalpindi-Medical-University.aspx,Rawalpindi Medical University,Public,Government of Punjab,Medical,Punjab,Rawalpindi,
https://www.hec.gov.pk/english/universities/Pages/Punjab/Rawalpindi-Women-University%2C-Rawalpindi.aspx,Rawalpindi Women University  Rawalpindi,Public,Government of Punjab,General,Punjab,Rawalpindi,
https://www.hec.gov.pk/english/universities/Pages/Islamabad/Riphah-International-University.aspx,Riphah International University,Private,Government of Pakistan,General,Islamabad Capital Territory,Islamabad,
https://www.hec.gov.pk/english/universities/Pages/Baloachistan/Sardar-Bahadur-Khan-Women-University.aspx,Sardar Bahadur Khan Women University,Public,Government of Balochistan,General,Balochistan,Quetta,
https://www.hec.gov.pk/english/universities/Pages/KPK/Sarhad-University-of-Science-and-Information-Technology.aspx,Sarhad University of Science & Information Technology,Private,Government of Khyber Pakhtunkhwa,General,Khyber Pakhtunkhwa,Peshawar,
https://www.hec.gov.pk/english/universities/Pages/Sindh/Shah-Abdul-Latif-University.aspx,Shah Abdul Latif University,Public,Government of Sindh,General,Sindh,Khairpur,
https://www.hec.gov.pk/english/universities/Pages/Sindh/Shaheed-Benazir-Bhutto-City-University.aspx,Shaheed Benazir Bhutto City University,Private,Government of Sindh,General,Sindh,Karachi,
https://www.hec.gov.pk/english/universities/Pages/Sindh/Shaheed-Benazir-Bhutto-Dewan-University.aspx,Shaheed Benazir Bhutto Dewan University,Private,Government of Sindh,General,Sindh,Karachi,
https://www.hec.gov.pk/english/universities/Pages/KPK/Shaheed-Benazir-Bhutto-University.aspx,Shaheed Benazir Bhutto University,Public,Government of Khyber Pakhtunkhwa,General,Khyber Pakhtunkhwa,Upper Dir,
https://www.hec.gov.pk/english/universities/Pages/Sindh/Shaheed-Benazir-Bhutto-University-of-Veterinary-And-Animal-Sciences-.aspx,Shaheed Benazir Bhutto University of Veterinary & Animal Sciences,Public,Government of Sindh,General,Sindh,Nawabshah,
https://www.hec.gov.pk/english/universities/Pages/Sindh/Shaheed-Benazir-Bhutto-University%2C-Shaheed-Benazirabad.aspx,Shaheed Benazir Bhutto University  Shaheed Benazirabad,Public,Government of Sindh,General,Sindh,Nawabshah,
https://www.hec.gov.pk/english/universities/Pages/KPK/Shaheed-Benazir-Bhutto-Women-University.aspx,Shaheed Benazir Bhutto Women University,Public,Government of Khyber Pakhtunkhwa,General,Khyber Pakhtunkhwa,Peshawar,
https://www.hec.gov.pk/english/universities/Pages/Sindh/Shaheed-Mohtarma-Benazir-Bhutto-Medical-University.aspx,Shaheed Mohtarma Benazir Bhutto Medical University,Public,Government of Sindh,General,Sindh,Larkana,
https://www.hec.gov.pk/english/universities/Pages/Sindh/Shaheed-Zulfikar-Ali-Bhutto-Institute-of-Science--Technology-(SZABIST).aspx,Shaheed Zulfikar Ali Bhutto Institute of Science & Technology,Private,Government of Sindh,General,Sindh,Karachi,
https://www.hec.gov.pk/english/universities/Pages/Islamabad/Shaheed-Zulfiqar-Ali-Bhutto-Medical-University.aspx,Shaheed Zulfiqar Ali Bhutto Medical University,Public,Government of Pakistan,Medical,Islamabad Capital Territory,Islamabad,
https://www.hec.gov.pk/english/universities/Pages/Sindh/Shaheed-Zulfiqar-Ali-Bhutto-University-of-Law.aspx,Shaheed Zulfiqar Ali Bhutto University of Law,Public,Government of Sindh,General,Sindh,Karachi,
https://www.hec.gov.pk/english/universities/Pages/Islamabad/Shifa-Tameer-e-Millat-University.aspx,Shifa Tameer-e-Millat University,Private,Government of Pakistan,General,Islamabad Capital Territory,Islamabad,
https://www.hec.gov.pk/english/universities/Pages/KPK/Shuhada-e-Army-Public-School-University-of-Technology%2C-Nowshera.aspx,Shuhada-e-Army Public School University of Technology  Nowshera,Public,Government of Khyber Pakhtunkhwa,Engineering & Technology,Khyber Pakhtunkhwa,Nowshehra,
https://www.hec.gov.pk/english/universities/Pages/Sindh/Sindh-Agriculture-University.aspx,Sindh Agriculture University  Tandojam,Public,Government of Sindh,General,Sindh,Hyderabad,
https://www.hec.gov.pk/english/universities/Pages/Sindh/Sindh-Institute-of-Management-and-Technology.aspx,Sindh Institute of Management & Technology (Admissions allowed only at LS 37/10 Sector-15  Main Korangi Industrial  Karachi in specific departements Maximum intake 40 till December 2022),Private,Government of Sindh,General,Sindh,Karachi,
https://www.hec.gov.pk/english/universities/Pages/Sindh/Sindh-Institute-of-Medical-Sciences.aspx,Sindh Institute of Medical Sciences,Private,Government of Sindh,General,Sindh,Karachi,
https://www.hec.gov.pk/english/universities/Pages/Sindh/Sindh-Madresatul-Islam-University.aspx,Sindh Madresatul Islam University,Public,Government of Sindh,General,Sindh,Karachi,
https://www.hec.gov.pk/english/universities/Pages/Islamabad/SSIT.aspx,Sir Syed (CASE) Institute of Technology  Islamabad,Private,Government of Pakistan,General,Islamabad Capital Territory,Islamabad,
https://www.hec.gov.pk/english/universities/Pages/Sindh/Sir-Syed-University-of-Engineering--Technology.aspx,Sir Syed University of Engineering & Technology,Private,Government of Sindh,General,Sindh,Karachi,
https://www.hec.gov.pk/english/universities/Pages/Sindh/Sohail-University%2C-Karachi.aspx,Sohail University  Karachi,Private,Government of Sindh,General,Sindh,Karachi,
https://www.hec.gov.pk/english/universities/Pages/Sindh/Sukkur-Institute-of-Business-Administration.aspx,Sukkur Institute of Business Administration,Public,Government of Sindh,General,Sindh,Sukkur,
https://www.hec.gov.pk/english/universities/Pages/Sindh/Textile-Institute-of-Pakistan.aspx,Textile Institute of Pakistan,Private,Government of Sindh,General,Sindh,Karachi,
https://www.hec.gov.pk/english/universities/Pages/Baloachistan/BUMHS.aspx,The Bolan University of Medical and Health Sciences  Quetta,Public,Government of Balochistan,Medical,Balochistan,Quetta,
https://www.hec.gov.pk/english/universities/Pages/Punjab/Green-International-University.aspx,The Green International University  Lahore,Public,Government of Punjab,General,Punjab,Lahore,
https://www.hec.gov.pk/english/universities/Pages/KPK/The Islamia-College.aspx,The Islamia College  Peshawar,Public,Government of Khyber Pakhtunkhwa,General,Khyber Pakhtunkhwa,Peshawar,
https://www.hec.gov.pk/english/universities/Pages/Sindh/The-Shaikh-Ayaz-University%2C-Shikarpur.aspx,The Shaikh Ayaz University  Shikarpur Sindh,Public,Government of Sindh,General,Sindh,Shikarpur,
https://www.hec.gov.pk/english/universities/Pages/Punjab/The-Superior-College.aspx,The Superior College,Private,Government of Punjab,General,Punjab,Lahore,
https://www.hec.gov.pk/english/universities/Pages/KPK/The-University-of-Agriculture-Peshawar.aspx,The University of Agriculture Peshawar,Public,Government of Khyber Pakhtunkhwa,General,Khyber Pakhtunkhwa,Peshawar,
https://www.hec.gov.pk/english/universities/Pages/Punjab/The-University-of-Faisalabad.aspx,The University of Faisalabad,Private,Government of Punjab,General,Punjab,Faisalabad,
https://www.hec.gov.pk/english/universities/Pages/KPK/The-University-of-Lakki-Marwat.aspx,The University of Lakki Marwat,Public,Government of Khyber Pakhtunkhwa,General,Khyber Pakhtunkhwa,Lakki Marwat,
https://www.hec.gov.pk/english/universities/Pages/Punjab/The-Women-University.aspx,The Women University,Public,Government of Punjab,General,Punjab,Multan,
https://www.hec.gov.pk/english/universities/Pages/Punjab/Times-Institute.aspx,Times Institute  Multan,Private,Government of Punjab,General,Punjab,Multan,
https://www.hec.gov.pk/english/universities/Pages/Punjab/University-of-Agriculture.aspx,University of Agriculture,Public,Government of Punjab,General,Punjab,Faisalabad,
https://www.hec.gov.pk/english/universities/Pages/Sindh/University-of-Art-and-Culture.aspx,University of Art and Culture  Jamshoro,Private,Government of Sindh,Arts & Design,Sindh,Jamshoro,
https://www.hec.gov.pk/english/universities/Pages/AJK/University-of-Azad-Jammu--Kashmir.aspx,University of Azad Jammu & Kashmir,Public,Government of AJK,General,Azad Jammu & Kashmir,Muzaffarabad,
https://www.hec.gov.pk/english/universities/Pages/Baloachistan/University-of-Balochistan.aspx,University of Balochistan,Public,Government of Balochistan,General,Balochistan,Quetta,
https://www.hec.gov.pk/english/universities/Pages/Gilgit Baltistan/University-of-Baltistan.aspx,University of Baltistan  Skardu,Public,Government of Pakistan,General,Gilgit Baltistan,Skardu,
https://www.hec.gov.pk/english/universities/Pages/KPK/University-of-Buner.aspx,University of Buner,Public,Government of Khyber Pakhtunkhwa,General,Khyber Pakhtunkhwa,Bunair,
https://www.hec.gov.pk/english/universities/Pages/Punjab/University-of-Central-Punjab.aspx,University of Central Punjab,Private,Government of Punjab,General,Punjab,Lahore,
https://www.hec.gov.pk/english/universities/Pages/Punjab/University-of-Chakwal.aspx,University of Chakwal  Chakwal,Public,Government of Punjab,General,Punjab,Chakwal,
https://www.hec.gov.pk/english/universities/Pages/KPK/University-of-Chitral.aspx,University of Chitral,Public,Government of Khyber Pakhtunkhwa,General,Khyber Pakhtunkhwa,Chitral,
https://www.hec.gov.pk/english/universities/Pages/Punjab/University-of-Education.aspx,University of Education,Public,Government of Punjab,General,Punjab,Lahore,
https://www.hec.gov.pk/english/universities/Pages/KPK/University-of-Engineering--Technology.aspx,University of Engineering & Technology,Public,Government of Khyber Pakhtunkhwa,General,Khyber Pakhtunkhwa,Peshawar,
https://www.hec.gov.pk/english/universities/Pages/Punjab/University-of-Engineering--Technology.aspx,University of Engineering & Technology,Public,Government of Punjab,General,Punjab,Lahore,
https://www.hec.gov.pk/english/universities/Pages/KPK/University-of-Engineering--Technology-Mardan.aspx,University of Engineering & Technology (UET)  Mardan,Public,Government of Khyber Pakhtunkhwa,Engineering & Technology,Khyber Pakhtunkhwa,Mardan,
https://www.hec.gov.pk/english/universities/Pages/Punjab/University-of-Engineering--Technology%2C-Taxila.aspx,University of Engineering & Technology  Taxila,Public,Government of Punjab,General,Punjab,Rawalpindi,
https://www.hec.gov.pk/english/universities/Pages/KPK/University-of-FATA.aspx,University of FATA,Public,Government of Pakistan,General,Khyber Pakhtunkhwa,Kohat,
https://www.hec.gov.pk/english/universities/Pages/Punjab/University-of-Gujrat.aspx,University of Gujrat,Public,Government of Punjab,General,Punjab,Gujrat,
https://www.hec.gov.pk/english/universities/Pages/KPK/University-of-Haripur.aspx,University of Haripur,Public,Government of Khyber Pakhtunkhwa,General,Khyber Pakhtunkhwa,Haripur,
https://www.hec.gov.pk/english/universities/Pages/Punjab/University-of-Health-Sciences.aspx,University of Health Sciences,Public,Government of Punjab,General,Punjab,Lahore,
https://www.hec.gov.pk/english/universities/Pages/Punjab/University-of-Home-Economics-Lahore.aspx,University of Home Economics  Lahore,Public,Government of Punjab,General,Punjab,Lahore,
https://www.hec.gov.pk/english/universities/Pages/Punjab/University-of-Jhang.aspx,University of Jhang,Public,Government of Punjab,General,Punjab,Jhang,
https://www.hec.gov.pk/english/universities/Pages/Sindh/University-of-Karachi.aspx,University of Karachi,Public,Government of Sindh,General,Sindh,Karachi,
https://www.hec.gov.pk/english/universities/Pages/AJK/University-of-Kotli-AJK.aspx,University of Kotli Azad Jammu and Kashmir,Public,Government of AJK,General,Azad Jammu & Kashmir,Kotli,
https://www.hec.gov.pk/english/universities/Pages/Punjab/University-of-Lahore.aspx,University of Lahore,Private,Government of Punjab,General,Punjab,Lahore,
https://www.hec.gov.pk/english/universities/Pages/Baloachistan/University-of-Loralai.aspx,University of Loralai,Public,Government of Balochistan,General,Balochistan,Loralai,
https://www.hec.gov.pk/english/universities/Pages/KPK/University-of-Malakand.aspx,University of Malakand,Public,Government of Khyber Pakhtunkhwa,General,Khyber Pakhtunkhwa,Malakand,
https://www.hec.gov.pk/english/universities/Pages/Punjab/University-of-Management--Technology.aspx,University of Management & Technology,Private,Government of Punjab,General,Punjab,Lahore,
https://www.hec.gov.pk/english/universities/Pages/Punjab/University-of-Mianwali.aspx,University of Mianwali,Public,Government of Punjab,General,Punjab,Mianwali,
https://www.hec.gov.pk/english/universities/Pages/Punjab/University-of-Narowal.aspx,University of Narowal,Public,Government of Punjab,General,Punjab,Narowal,
https://www.hec.gov.pk/english/universities/Pages/Punjab/University-of-Okara.aspx,University of Okara,Public,Government of Punjab,General,Punjab,Okara,
https://www.hec.gov.pk/english/universities/Pages/KPK/University-of-Peshawar.aspx,University of Peshawar,Public,Government of Khyber Pakhtunkhwa,General,Khyber Pakhtunkhwa,Peshawar,
https://www.hec.gov.pk/english/universities/Pages/Punjab/University-of-Sahiwal.aspx,University of Sahiwal,Public,Government of Punjab,General,Punjab,Sahiwal,
https://www.hec.gov.pk/english/universities/Pages/Punjab/University-of-Sargodha.aspx,University of Sargodha,Public,Government of Punjab,General,Punjab,Sargodha,
https://www.hec.gov.pk/english/universities/Pages/KPK/University-of-Science--Technology.aspx,University of Science & Technology,Public,Government of Khyber Pakhtunkhwa,General,Khyber Pakhtunkhwa,Bannu,
https://www.hec.gov.pk/english/universities/Pages/Punjab/UniversityofSialkot.aspx,University of Sialkot  Sialkot,Private,Government of Punjab,General,Punjab,Sialkot,
https://www.hec.gov.pk/english/universities/Pages/Sindh/University-of-Sindh.aspx,University of Sindh,Public,Government of Sindh,General,Sindh,Jam Shoro,
https://www.hec.gov.pk/english/universities/Pages/Punjab/University-of-South-Asia.aspx,University of South Asia,Private,Government of Punjab,General,Punjab,Lahore,
https://www.hec.gov.pk/english/universities/Pages/Sindh/USMS-Bhitshah.aspx,University of Sufism and Modern Sciences  Bhitshah Sindh,Public,Government of Sindh,General,Sindh,Bhit Shah,
https://www.hec.gov.pk/english/universities/Pages/KPK/University-of-Swabi.aspx,University of Swabi,Public,Government of Khyber Pakhtunkhwa,General,Khyber Pakhtunkhwa,Swabi,
https://www.hec.gov.pk/english/universities/Pages/KPK/University-of-Swat.aspx,University of Swat,Public,Government of Khyber Pakhtunkhwa,General,Khyber Pakhtunkhwa,Swat,
https://www.hec.gov.pk/english/universities/Pages/Baloachistan/University-of-Turbat.aspx,University of Turbat,Public,Government of Balochistan,General,Balochistan,Turbat,
https://www.hec.gov.pk/english/universities/Pages/Punjab/University-of-Veterinary-and-Animal-Sciences.aspx,University of Veterinary & Animal Sciences,Public,Government of Punjab,General,Punjab,Lahore,
https://www.hec.gov.pk/english/universities/Pages/Punjab/University-of-Wah.aspx,University of Wah,Private,Government of Punjab,General,Punjab,Rawalpindi,
https://www.hec.gov.pk/english/universities/Pages/AJK/University-of-Poonch.aspx,University of the Poonch  Rawalakot,Public,Government of AJK,General,Azad Jammu & Kashmir,Poonch,
https://www.hec.gov.pk/english/universities/Pages/Punjab/University-of-the-Punjab.aspx,University of the Punjab,Public,Government of Punjab,General,Punjab,Lahore,
https://www.hec.gov.pk/english/universities/Pages/Punjab/Virtual-University-of-Pakistan.aspx,Virtual University of Pakistan,Public,Government of Pakistan,General,Punjab,Lahore,
https://www.hec.gov.pk/english/universities/Pages/KPK/Women University Mardan.aspx,Women University Mardan,Public,Government of Khyber Pakhtunkhwa,General,Khyber Pakhtunkhwa,Mardan,
https://www.hec.gov.pk/english/universities/Pages/AJK/Women-University-of-Azad-Jammu-and-Kashmir-.aspx,Women University of Azad Jammu & Kashmir,Public,Government of AJK,General,Azad Jammu & Kashmir,Bagh,
https://www.hec.gov.pk/english/universities/Pages/KPK/Women University%2C Swabi.aspx,Women University  Swabi,Public,Government of Khyber Pakhtunkhwa,General,Khyber Pakhtunkhwa,Swabi,
https://www.hec.gov.pk/english/universities/Pages/Sindh/Zia-ud-Din-University.aspx,Zia-ud-Din University,Private,Government of Sindh,General,Sindh,Karachi,
https://www.hec.gov.pk/english/universities/Pages/KPK/Brains-Institute-Peshawar.aspx,​​Brains Institute Peshawar,Private,Government of Khyber Pakhtunkhwa,General,Khyber Pakhtunkhwa,Peshawar,
